answer_llm,answer_orig,document,question,course
You can sign up for the course by going to the course page at [http://mlzoomcamp.com/](http://mlzoomcamp.com/).,"Machine Learning Zoomcamp FAQ
The purpose of this document is to capture frequently asked technical questions.
We did this for our data engineering course and it worked quite well. Check this document for inspiration on how to structure your questions and answers:
Data Engineering Zoomcamp FAQ
In the course GitHub repository there’s a link. Here it is: https://airtable.com/shryxwLd0COOEaqXo
work",0227b872,Where can I sign up for the course?,machine-learning-zoomcamp
You can sign up for the course through the link provided in the course GitHub repository. Here is the link for your convenience: [https://airtable.com/shryxwLd0COOEaqXo](https://airtable.com/shryxwLd0COOEaqXo).,"Machine Learning Zoomcamp FAQ
The purpose of this document is to capture frequently asked technical questions.
We did this for our data engineering course and it worked quite well. Check this document for inspiration on how to structure your questions and answers:
Data Engineering Zoomcamp FAQ
In the course GitHub repository there’s a link. Here it is: https://airtable.com/shryxwLd0COOEaqXo
work",0227b872,Can you provide a link to sign up?,machine-learning-zoomcamp
"Yes, there is an FAQ for the Machine Learning course. You can find it linked in the course's GitHub repository at the following URL: https://airtable.com/shryxwLd0COOEaqXo.","Machine Learning Zoomcamp FAQ
The purpose of this document is to capture frequently asked technical questions.
We did this for our data engineering course and it worked quite well. Check this document for inspiration on how to structure your questions and answers:
Data Engineering Zoomcamp FAQ
In the course GitHub repository there’s a link. Here it is: https://airtable.com/shryxwLd0COOEaqXo
work",0227b872,Is there an FAQ for this Machine Learning course?,machine-learning-zoomcamp
"The CONTEXT does not provide information about a GitHub repository specifically having a sign-up link for the course. The available information primarily deals with using GitHub for notes, homework, and course projects, as well as some general guidance on using GitHub and authentication. Therefore, it cannot be confirmed whether there is a GitHub repository with a sign-up link for the course.","Machine Learning Zoomcamp FAQ
The purpose of this document is to capture frequently asked technical questions.
We did this for our data engineering course and it worked quite well. Check this document for inspiration on how to structure your questions and answers:
Data Engineering Zoomcamp FAQ
In the course GitHub repository there’s a link. Here it is: https://airtable.com/shryxwLd0COOEaqXo
work",0227b872,Does this course have a GitHub repository for the sign-up link?,machine-learning-zoomcamp
"The provided CONTEXT does not contain specific information on how to structure questions and answers for the course. If you're asking about how to submit questions during the course, you might consider being clear and concise with your questions, and when answering, ensure you address the question comprehensively, backed by course materials or references. However, for more detailed guidance on structuring questions and answers, you might need to refer to course materials or reach out to course instructors or fellow participants for insights.","Machine Learning Zoomcamp FAQ
The purpose of this document is to capture frequently asked technical questions.
We did this for our data engineering course and it worked quite well. Check this document for inspiration on how to structure your questions and answers:
Data Engineering Zoomcamp FAQ
In the course GitHub repository there’s a link. Here it is: https://airtable.com/shryxwLd0COOEaqXo
work",0227b872,How can I structure my questions and answers for the course?,machine-learning-zoomcamp
The course videos are pre-recorded. You can start watching them right away.,"The course videos are pre-recorded, you can start watching the course right now.
We will also occasionally have office hours - live sessions where we will answer your questions. The office hours sessions are recorded too.
You can see the office hours as well as the pre-recorded course videos in the course playlist on YouTube.",39fda9f0,Are the course videos live or pre-recorded?,machine-learning-zoomcamp
You can start watching the course videos right now. The course videos are pre-recorded and available for you to access immediately.,"The course videos are pre-recorded, you can start watching the course right now.
We will also occasionally have office hours - live sessions where we will answer your questions. The office hours sessions are recorded too.
You can see the office hours as well as the pre-recorded course videos in the course playlist on YouTube.",39fda9f0,When can I start watching the course videos?,machine-learning-zoomcamp
"Yes, the live office hours sessions are recorded. You can watch them later if you miss a session.","The course videos are pre-recorded, you can start watching the course right now.
We will also occasionally have office hours - live sessions where we will answer your questions. The office hours sessions are recorded too.
You can see the office hours as well as the pre-recorded course videos in the course playlist on YouTube.",39fda9f0,Are the live office hours sessions recorded?,machine-learning-zoomcamp
You can find the office hours sessions in the course playlist on YouTube.,"The course videos are pre-recorded, you can start watching the course right now.
We will also occasionally have office hours - live sessions where we will answer your questions. The office hours sessions are recorded too.
You can see the office hours as well as the pre-recorded course videos in the course playlist on YouTube.",39fda9f0,Where can I find the office hours sessions?,machine-learning-zoomcamp
"You can access the pre-recorded course videos in the course playlist on YouTube. Additionally, you can visit the course page (http://mlzoomcamp.com/), where you can find links to watch the videos.","The course videos are pre-recorded, you can start watching the course right now.
We will also occasionally have office hours - live sessions where we will answer your questions. The office hours sessions are recorded too.
You can see the office hours as well as the pre-recorded course videos in the course playlist on YouTube.",39fda9f0,Where can I access the pre-recorded course videos?,machine-learning-zoomcamp
"Yes, sessions are recorded, so you won’t miss anything if you miss one. You will be able to ask your questions for office hours in advance, and they will be covered during the live stream. Additionally, you can ask questions in Slack.","Everything is recorded, so you won’t miss anything. You will be able to ask your questions for office hours in advance and we will cover them during the live stream. Also, you can always ask questions in Slack.",5170565b,Are sessions recorded if I miss one?,machine-learning-zoomcamp
"Yes, you can ask questions in advance if you can't attend a live stream. You will be able to ask your questions for office hours in advance, and they will be covered during the live stream. Additionally, you can always ask questions in Slack.","Everything is recorded, so you won’t miss anything. You will be able to ask your questions for office hours in advance and we will cover them during the live stream. Also, you can always ask questions in Slack.",5170565b,Can I ask questions in advance if I can't attend a live stream?,machine-learning-zoomcamp
"If you miss a session, everything is recorded, so you won’t miss anything. You can ask your questions in advance for office hours, and they will be covered during the live stream. Additionally, you can always ask questions in Slack.","Everything is recorded, so you won’t miss anything. You will be able to ask your questions for office hours in advance and we will cover them during the live stream. Also, you can always ask questions in Slack.",5170565b,How will my questions be addressed if I miss a session?,machine-learning-zoomcamp
"Yes, there is a way to catch up on a missed session. Everything is recorded, so you won’t miss anything. You can ask your questions for office hours in advance, and they will be covered during the live stream. Additionally, you can always ask questions in Slack.","Everything is recorded, so you won’t miss anything. You will be able to ask your questions for office hours in advance and we will cover them during the live stream. Also, you can always ask questions in Slack.",5170565b,Is there a way to catch up on a missed session?,machine-learning-zoomcamp
"Yes, you can still interact with instructors after missing a session. All sessions are recorded, so you won't miss any content. You can also ask your questions in advance for office hours, and they will be covered during the live stream. Additionally, you have the option to ask questions in Slack.","Everything is recorded, so you won’t miss anything. You will be able to ask your questions for office hours in advance and we will cover them during the live stream. Also, you can always ask questions in Slack.",5170565b,Can I still interact with instructors after missing a session?,machine-learning-zoomcamp
"The course contains the bare minimum of theoretical content. The focus is primarily on practice, and theory is covered only at an intuitive level. For example, while using logistic regression, the course does not delve into deriving the gradient update rule but instead focuses on how to use logistic regression and interpret the results.","The bare minimum. The focus is more on practice, and we'll cover the theory only on the intuitive level.: https://mlbookcamp.com/article/python
For example, we won't derive the gradient update rule for logistic regression (there are other great courses for that), but we'll cover how to use logistic regression and make sense of the results.",ecca790c,How much theoretical content is there in the course?,machine-learning-zoomcamp
"No, the course will not cover theoretical derivations like the gradient update rule for logistic regression. The focus is more on practice, and the course will cover the theory only at an intuitive level.","The bare minimum. The focus is more on practice, and we'll cover the theory only on the intuitive level.: https://mlbookcamp.com/article/python
For example, we won't derive the gradient update rule for logistic regression (there are other great courses for that), but we'll cover how to use logistic regression and make sense of the results.",ecca790c,Will the course cover theoretical derivations like the gradient update rule for logistic regression?,machine-learning-zoomcamp
"The focus of the course is more on practice. The course covers theory only at an intuitive level, emphasizing practical application over theoretical derivations.","The bare minimum. The focus is more on practice, and we'll cover the theory only on the intuitive level.: https://mlbookcamp.com/article/python
For example, we won't derive the gradient update rule for logistic regression (there are other great courses for that), but we'll cover how to use logistic regression and make sense of the results.",ecca790c,Is the focus of the course more on practice or theory?,machine-learning-zoomcamp
"You can find more about the theoretical topics not covered in this course by exploring other great courses dedicated to those topics. The course focuses on the practical application and only covers theory at an intuitive level. More theoretical topics, such as the derivation of the gradient update rule for logistic regression, are best learned through specialized courses that focus on in-depth theoretical concepts.","The bare minimum. The focus is more on practice, and we'll cover the theory only on the intuitive level.: https://mlbookcamp.com/article/python
For example, we won't derive the gradient update rule for logistic regression (there are other great courses for that), but we'll cover how to use logistic regression and make sense of the results.",ecca790c,Where can I find more about the theoretical topics not covered in this course?,machine-learning-zoomcamp
"Yes, the course will help you understand how to use logistic regression and interpret its results. While the course focuses on practical application rather than theory, it covers how to make sense of the results from logistic regression.","The bare minimum. The focus is more on practice, and we'll cover the theory only on the intuitive level.: https://mlbookcamp.com/article/python
For example, we won't derive the gradient update rule for logistic regression (there are other great courses for that), but we'll cover how to use logistic regression and make sense of the results.",ecca790c,Will the course help me understand how to use logistic regression and interpret its results?,machine-learning-zoomcamp
"No, prior knowledge in math is not necessary for this course. The course includes some linear algebra, but overall, it focuses more on code than on math formulas. Additional resources, like recommended videos, are available to help you understand linear algebra if needed. You can also ask the community for help with any questions.","Yes! We'll cover some linear algebra in the course, but in general, there will be very few formulas, mostly code.
Here are some interesting videos covering linear algebra that you can already watch: ML Zoomcamp 1.8 - Linear Algebra Refresher from Alexey Grigorev or the excellent playlist from 3Blue1Brown Vectors | Chapter 1, Essence of linear algebra. Never hesitate to ask the community for help if you have any question.
(Mélanie Fouesnard)",c25b3de4,Is prior knowledge in math necessary for this course?,machine-learning-zoomcamp
"The course will cover some linear algebra, but generally, there will be very few mathematical formulas. The focus will be mainly on coding.","Yes! We'll cover some linear algebra in the course, but in general, there will be very few formulas, mostly code.
Here are some interesting videos covering linear algebra that you can already watch: ML Zoomcamp 1.8 - Linear Algebra Refresher from Alexey Grigorev or the excellent playlist from 3Blue1Brown Vectors | Chapter 1, Essence of linear algebra. Never hesitate to ask the community for help if you have any question.
(Mélanie Fouesnard)",c25b3de4,What type of mathematical content will be covered?,machine-learning-zoomcamp
"Yes, there are resources available to help with linear algebra. You can watch the ""ML Zoomcamp 1.8 - Linear Algebra Refresher"" video by Alexey Grigorev or the excellent playlist from 3Blue1Brown called ""Vectors | Chapter 1, Essence of linear algebra."" Additionally, you can ask the community for help if you have any questions.","Yes! We'll cover some linear algebra in the course, but in general, there will be very few formulas, mostly code.
Here are some interesting videos covering linear algebra that you can already watch: ML Zoomcamp 1.8 - Linear Algebra Refresher from Alexey Grigorev or the excellent playlist from 3Blue1Brown Vectors | Chapter 1, Essence of linear algebra. Never hesitate to ask the community for help if you have any question.
(Mélanie Fouesnard)",c25b3de4,Are there resources available to help with linear algebra?,machine-learning-zoomcamp
"Yes, you can seek help from the community for math-related questions. If you have any questions, never hesitate to ask the community for help.","Yes! We'll cover some linear algebra in the course, but in general, there will be very few formulas, mostly code.
Here are some interesting videos covering linear algebra that you can already watch: ML Zoomcamp 1.8 - Linear Algebra Refresher from Alexey Grigorev or the excellent playlist from 3Blue1Brown Vectors | Chapter 1, Essence of linear algebra. Never hesitate to ask the community for help if you have any question.
(Mélanie Fouesnard)",c25b3de4,Can I seek help from the community for math-related questions?,machine-learning-zoomcamp
"Yes, there are recommended videos for learning linear algebra. You can watch ""ML Zoomcamp 1.8 - Linear Algebra Refresher"" by Alexey Grigorev and the excellent playlist ""Essence of linear algebra"" Chapter 1: Vectors by 3Blue1Brown.","Yes! We'll cover some linear algebra in the course, but in general, there will be very few formulas, mostly code.
Here are some interesting videos covering linear algebra that you can already watch: ML Zoomcamp 1.8 - Linear Algebra Refresher from Alexey Grigorev or the excellent playlist from 3Blue1Brown Vectors | Chapter 1, Essence of linear algebra. Never hesitate to ask the community for help if you have any question.
(Mélanie Fouesnard)",c25b3de4,Are there any recommended videos for learning linear algebra?,machine-learning-zoomcamp
"If you haven't received a confirmation email after filling out the form, you should first check your promotions tab or spam folder, as the process is automated and the email should be sent eventually. If you have unsubscribed from the newsletter, you will not receive course-related updates, including the confirmation email. However, this is not a problem. To ensure you stay updated with the course, you can join the #course-ml-zoomcamp channel on Slack and the Telegram channel for announcements, which will allow you to follow the course without missing anything.","The process is automated now, so you should receive the email eventually. If you haven’t, check your promotions tab in Gmail as well as spam.
If you unsubscribed from our newsletter, you won't get course related updates too.
But don't worry, it’s not a problem. To make sure you don’t miss anything, join the #course-ml-zoomcamp channel in Slack and our telegram channel with announcements. This is enough to follow the course.",6ba259b1,What should I do if I haven't received a confirmation email after filling out the form?,machine-learning-zoomcamp
"Yes, it is possible that your confirmation email went to your spam folder. Additionally, you should check your promotions tab in Gmail. If you have unsubscribed from the newsletter, you won't receive course-related updates. You can also join the #course-ml-zoomcamp channel in Slack and the Telegram channel for announcements to ensure you stay updated with the course.","The process is automated now, so you should receive the email eventually. If you haven’t, check your promotions tab in Gmail as well as spam.
If you unsubscribed from our newsletter, you won't get course related updates too.
But don't worry, it’s not a problem. To make sure you don’t miss anything, join the #course-ml-zoomcamp channel in Slack and our telegram channel with announcements. This is enough to follow the course.",6ba259b1,Is it possible my confirmation email went to my spam folder?,machine-learning-zoomcamp
"Yes, unsubscribing from the newsletter can affect receiving course updates. If you unsubscribed, you won't receive course-related updates. To ensure you don't miss anything, it's recommended to join the #course-ml-zoomcamp channel in Slack and the Telegram channel with announcements.","The process is automated now, so you should receive the email eventually. If you haven’t, check your promotions tab in Gmail as well as spam.
If you unsubscribed from our newsletter, you won't get course related updates too.
But don't worry, it’s not a problem. To make sure you don’t miss anything, join the #course-ml-zoomcamp channel in Slack and our telegram channel with announcements. This is enough to follow the course.",6ba259b1,Can unsubscribing from the newsletter affect receiving course updates?,machine-learning-zoomcamp
"If you don't receive the confirmation email, you can get course updates by joining the #course-ml-zoomcamp channel in Slack and the Telegram channel with announcements. This will ensure you stay updated with the course.","The process is automated now, so you should receive the email eventually. If you haven’t, check your promotions tab in Gmail as well as spam.
If you unsubscribed from our newsletter, you won't get course related updates too.
But don't worry, it’s not a problem. To make sure you don’t miss anything, join the #course-ml-zoomcamp channel in Slack and our telegram channel with announcements. This is enough to follow the course.",6ba259b1,Where can I get course updates if I don’t receive the confirmation email?,machine-learning-zoomcamp
"If you're having email issues and want to stay informed about the course, join the #course-ml-zoomcamp channel in Slack and the Telegram channel with announcements. These channels are sufficient to keep you updated on the course-related information.","The process is automated now, so you should receive the email eventually. If you haven’t, check your promotions tab in Gmail as well as spam.
If you unsubscribed from our newsletter, you won't get course related updates too.
But don't worry, it’s not a problem. To make sure you don’t miss anything, join the #course-ml-zoomcamp channel in Slack and our telegram channel with announcements. This is enough to follow the course.",6ba259b1,How can I stay informed about the course if I'm having email issues?,machine-learning-zoomcamp
"The duration of the course is approximately 4 months, but it may take longer if you want to participate in extra activities such as an additional project or writing an article.","Approximately 4 months, but may take more if you want to do some extra activities (an extra project, an article, etc)",67e2fd13,What is the duration of the course?,machine-learning-zoomcamp
"The course takes approximately 4 months, but may take longer if you choose to engage in extra activities such as an additional project or writing an article.","Approximately 4 months, but may take more if you want to do some extra activities (an extra project, an article, etc)",67e2fd13,How many months does the course take?,machine-learning-zoomcamp
"Yes, the course can take more than 4 months if you choose to engage in extra activities such as an extra project or writing an article.","Approximately 4 months, but may take more if you want to do some extra activities (an extra project, an article, etc)",67e2fd13,Can the course take more than 4 months?,machine-learning-zoomcamp
"The context does not explicitly state whether it is possible to extend the course duration. However, it mentions that the course is approximately 4 months long, but it may take more time if you choose to do extra activities such as an extra project or an article. This suggests some flexibility in the time commitment, but without specific mention of officially extending the course duration.","Approximately 4 months, but may take more if you want to do some extra activities (an extra project, an article, etc)",67e2fd13,Is it possible to extend the course duration?,machine-learning-zoomcamp
Extra activities that might extend the course time include engaging in an additional project or writing an article.,"Approximately 4 months, but may take more if you want to do some extra activities (an extra project, an article, etc)",67e2fd13,What extra activities might extend the course time?,machine-learning-zoomcamp
You should allocate around ~10 hours per week for this course.,Around ~10 hours per week. Timur Kamaliev did a detailed analysis of how much time students of the previous cohort needed to spend on different modules and projects. Full article,a6897e8c,How many hours per week should I allocate for this course?,machine-learning-zoomcamp
Timur Kamaliev analyzed the time needed for different modules.,Around ~10 hours per week. Timur Kamaliev did a detailed analysis of how much time students of the previous cohort needed to spend on different modules and projects. Full article,a6897e8c,Who analyzed the time needed for different modules?,machine-learning-zoomcamp
Students of the previous cohort spent around ~10 hours per week on the course.,Around ~10 hours per week. Timur Kamaliev did a detailed analysis of how much time students of the previous cohort needed to spend on different modules and projects. Full article,a6897e8c,How much time did students of the previous cohort spend weekly?,machine-learning-zoomcamp
The estimated weekly time commitment for the course is around ~10 hours per week.,Around ~10 hours per week. Timur Kamaliev did a detailed analysis of how much time students of the previous cohort needed to spend on different modules and projects. Full article,a6897e8c,Can you give an estimated weekly time commitment for the course?,machine-learning-zoomcamp
"The detailed analysis of study time requirements can be found in an article by Timur Kamaliev, who analyzed how much time students from the previous cohort needed for different modules and projects.",Around ~10 hours per week. Timur Kamaliev did a detailed analysis of how much time students of the previous cohort needed to spend on different modules and projects. Full article,a6897e8c,Where can I find the detailed analysis of study time requirements?,machine-learning-zoomcamp
"To earn a certificate in this course, you need to submit at least 2 out of the 3 course projects and review 3 peers' projects by the deadline. If you meet these requirements, you will be eligible to receive a certificate for the course.","Yes, if you finish at least 2 out of 3 projects and review 3 peers’ Projects by the deadline, you will get a certificate. This is what it looks like: link. There’s also a version without a robot: link.",2eba08e3,How can I earn a certificate in this course?,machine-learning-zoomcamp
"To receive a certificate, you need to submit at least 2 out of the 3 course projects and review 3 of your peers' projects by the deadline.","Yes, if you finish at least 2 out of 3 projects and review 3 peers’ Projects by the deadline, you will get a certificate. This is what it looks like: link. There’s also a version without a robot: link.",2eba08e3,What are the requirements to receive a certificate?,machine-learning-zoomcamp
"You do not need to complete all projects to get a certificate. To receive a certificate, you must complete and submit at least 2 out of the 3 projects and peer-review 3 of your course-mates' projects for each submission.","Yes, if you finish at least 2 out of 3 projects and review 3 peers’ Projects by the deadline, you will get a certificate. This is what it looks like: link. There’s also a version without a robot: link.",2eba08e3,Do I need to complete all projects to get a certificate?,machine-learning-zoomcamp
"The context does not provide a specific deadline date to qualify for the certificate. However, it mentions that you must submit 2 out of 3 course projects and review 3 peers’ projects by the deadline in order to be eligible for a certificate. For specific dates, referring to the 2023 cohort page is recommended.","Yes, if you finish at least 2 out of 3 projects and review 3 peers’ Projects by the deadline, you will get a certificate. This is what it looks like: link. There’s also a version without a robot: link.",2eba08e3,What is the deadline to qualify for the certificate?,machine-learning-zoomcamp
"Yes, there is an option for a certificate without a robot image.","Yes, if you finish at least 2 out of 3 projects and review 3 peers’ Projects by the deadline, you will get a certificate. This is what it looks like: link. There’s also a version without a robot: link.",2eba08e3,Is there an option for a certificate without a robot image?,machine-learning-zoomcamp
"Yes, you can receive a certificate even if you don't complete the midterm project. To be eligible for a certificate, you must complete at least 2 out of 3 projects and review 3 peers’ projects by the deadline. So, if you miss the midterm project but complete the other two projects and peer reviews, you will still be eligible for a certificate.","Yes, it's possible. See the previous answer.",1d644223,Will I receive a certificate if I don't complete the midterm project?,machine-learning-zoomcamp
"Yes, it is possible to graduate without submitting the midterm project, as long as you complete at least 2 out of the 3 course projects and review 3 peers’ projects by the deadline.","Yes, it's possible. See the previous answer.",1d644223,Can I still graduate without submitting the midterm project?,machine-learning-zoomcamp
"Yes, you are eligible for certification if you missed the midterm project. You need to complete at least 2 out of 3 projects and review 3 peers’ projects by the deadline to receive a certificate.","Yes, it's possible. See the previous answer.",1d644223,Am I eligible for certification if I missed the midterm project?,machine-learning-zoomcamp
"No, it is not mandatory to complete the midterm project to receive the certificate. You need to complete at least 2 out of 3 projects and review 3 peers’ projects by the deadline to be eligible for a certificate.","Yes, it's possible. See the previous answer.",1d644223,Is it mandatory to complete the midterm project for the certificate?,machine-learning-zoomcamp
"Missing the midterm project does not necessarily affect your certification eligibility. You can still be eligible for the course certificate if you complete at least 2 out of the 3 projects and review 3 peers’ projects by the deadline. So, even if you miss the midterm, you can still get a certificate by completing the other two projects and fulfilling the peer review requirements.","Yes, it's possible. See the previous answer.",1d644223,Does missing the midterm project affect my certification eligibility?,machine-learning-zoomcamp
"To prepare for the course, it is important to know some Python basics. Specifically, you should be familiar with:

- How to run a Jupyter notebook.
- How to import libraries and understand what libraries are.
- How to declare a variable and understand what variables are.
- Some important operations regarding data analysis.

It is also recommended to follow the ""Learn Python Basics for Data Analysis"" course on the OpenClassrooms e-learning platform if you need to brush up on these basics.","Check this article. If you know everything in this article, you know enough. If you don’t, read the article and join the coursIntroduction to Pythone too :)
Introduction to Python – Machine Learning Bookcamp
You can follow this English course from the OpenClassrooms e-learning platform, which is free and covers the python basics for data analysis: Learn Python Basics for Data Analysis - OpenClassrooms . It is important to know some basics such as: how to run a Jupyter notebook, how to import libraries (and what libraries are), how to declare a variable (and what variables are) and some important operations regarding data analysis.
(Mélanie Fouesnard)",14890cd2,What Python basics are required for this course?,machine-learning-zoomcamp
"To learn the necessary Python knowledge for this course, you can follow the ""Introduction to Python – Machine Learning Bookcamp."" Additionally, there's a recommended course from the OpenClassrooms e-learning platform, ""Learn Python Basics for Data Analysis,"" which is free and covers the Python basics needed for data analysis. This course will teach you essential skills such as running a Jupyter notebook, importing libraries and understanding what they are, declaring variables, and performing important data analysis operations.","Check this article. If you know everything in this article, you know enough. If you don’t, read the article and join the coursIntroduction to Pythone too :)
Introduction to Python – Machine Learning Bookcamp
You can follow this English course from the OpenClassrooms e-learning platform, which is free and covers the python basics for data analysis: Learn Python Basics for Data Analysis - OpenClassrooms . It is important to know some basics such as: how to run a Jupyter notebook, how to import libraries (and what libraries are), how to declare a variable (and what variables are) and some important operations regarding data analysis.
(Mélanie Fouesnard)",14890cd2,Where can I learn the necessary Python knowledge for this course?,machine-learning-zoomcamp
"The provided CONTEXT does not specifically state why it is important to know how to run a Jupyter notebook for the course. However, given the information available, Jupyter notebooks are likely used for hands-on programming tasks, demonstrations, and running specific commands or scripts (e.g., installing libraries, troubleshooting, or training artificial intelligence models). Knowing how to operate a Jupyter notebook would typically be necessary for effectively engaging with and applying course material, troubleshooting issues, and experimenting with various programming tasks within the course.","Check this article. If you know everything in this article, you know enough. If you don’t, read the article and join the coursIntroduction to Pythone too :)
Introduction to Python – Machine Learning Bookcamp
You can follow this English course from the OpenClassrooms e-learning platform, which is free and covers the python basics for data analysis: Learn Python Basics for Data Analysis - OpenClassrooms . It is important to know some basics such as: how to run a Jupyter notebook, how to import libraries (and what libraries are), how to declare a variable (and what variables are) and some important operations regarding data analysis.
(Mélanie Fouesnard)",14890cd2,Why is it important to know how to run a Jupyter notebook for this course?,machine-learning-zoomcamp
"For this course, you should know some basic operations regarding data analysis, such as how to run a Jupyter notebook, how to import libraries (and understand what libraries are), how to declare a variable (and understand what variables are), and important operations related to data analysis. These basics will be essential for working effectively throughout the course.","Check this article. If you know everything in this article, you know enough. If you don’t, read the article and join the coursIntroduction to Pythone too :)
Introduction to Python – Machine Learning Bookcamp
You can follow this English course from the OpenClassrooms e-learning platform, which is free and covers the python basics for data analysis: Learn Python Basics for Data Analysis - OpenClassrooms . It is important to know some basics such as: how to run a Jupyter notebook, how to import libraries (and what libraries are), how to declare a variable (and what variables are) and some important operations regarding data analysis.
(Mélanie Fouesnard)",14890cd2,What basic operations regarding data analysis should I know for this course?,machine-learning-zoomcamp
"To learn how to declare variables in Python for this course, you can follow the English course from the OpenClassrooms e-learning platform, which is free and covers Python basics for data analysis. This course will help you understand the basics such as how to declare a variable and other important operations regarding data analysis.","Check this article. If you know everything in this article, you know enough. If you don’t, read the article and join the coursIntroduction to Pythone too :)
Introduction to Python – Machine Learning Bookcamp
You can follow this English course from the OpenClassrooms e-learning platform, which is free and covers the python basics for data analysis: Learn Python Basics for Data Analysis - OpenClassrooms . It is important to know some basics such as: how to run a Jupyter notebook, how to import libraries (and what libraries are), how to declare a variable (and what variables are) and some important operations regarding data analysis.
(Mélanie Fouesnard)",14890cd2,How can I learn to declare variables in Python for this course?,machine-learning-zoomcamp
"For the course, all you need for the Machine Learning part is a working laptop with an internet connection. The Deep Learning part is more resource-intensive, but for that, you can make use of cloud services, such as Saturn Cloud, or similar options.","For the Machine Learning part, all you need is a working laptop with an internet connection. The Deep Learning part is more resource intensive, but for that you can use a cloud (we use Saturn cloud but can be anything else).
(Rileen Sinha; based on response by Alexey on Slack)",a4fad482,"Are there any specific hardware requirements for the course, or is everything mainly based on cloud services?",machine-learning-zoomcamp
"Yes, for the Machine Learning section, all you need is a working laptop with an internet connection.","For the Machine Learning part, all you need is a working laptop with an internet connection. The Deep Learning part is more resource intensive, but for that you can use a cloud (we use Saturn cloud but can be anything else).
(Rileen Sinha; based on response by Alexey on Slack)",a4fad482,Do I just need a laptop and internet for the Machine Learning section?,machine-learning-zoomcamp
"Yes, the Deep Learning part of the course is more resource-intensive than the Machine Learning part. For the Machine Learning portion, a working laptop with an internet connection is sufficient, but the Deep Learning part requires more resources, which can be addressed using cloud services like Saturn Cloud.","For the Machine Learning part, all you need is a working laptop with an internet connection. The Deep Learning part is more resource intensive, but for that you can use a cloud (we use Saturn cloud but can be anything else).
(Rileen Sinha; based on response by Alexey on Slack)",a4fad482,Is the Deep Learning part of the course more resource-intensive than the Machine Learning part?,machine-learning-zoomcamp
"Yes, Saturn Cloud can be used for the Deep Learning part of the course. The course specifically mentions using Saturn Cloud for the resource-intensive Deep Learning tasks.","For the Machine Learning part, all you need is a working laptop with an internet connection. The Deep Learning part is more resource intensive, but for that you can use a cloud (we use Saturn cloud but can be anything else).
(Rileen Sinha; based on response by Alexey on Slack)",a4fad482,Can Saturn Cloud be used for the Deep Learning part of the course?,machine-learning-zoomcamp
"Yes, it is possible to use a cloud service other than Saturn Cloud for the Deep Learning section. The course mentions that for the Deep Learning part, while Saturn Cloud is commonly used, you can choose any other cloud service as well.","For the Machine Learning part, all you need is a working laptop with an internet connection. The Deep Learning part is more resource intensive, but for that you can use a cloud (we use Saturn cloud but can be anything else).
(Rileen Sinha; based on response by Alexey on Slack)",a4fad482,Is it possible to use a cloud service other than Saturn Cloud for the Deep Learning section?,machine-learning-zoomcamp
You can find instructions to install TensorFlow GPU on Ubuntu in the following article: [ML Zoomcamp 2023 Project Article](https://knowmledge.com/2023/12/07/ml-zoomcamp-2023-project/). This guide provides a step-by-step process to set up TensorFlow with GPU support on your Ubuntu machine.,Here is an article that worked for me: https://knowmledge.com/2023/12/07/ml-zoomcamp-2023-project/,34b7fd35,Where can I find instructions to install TensorFlow GPU on Ubuntu?,machine-learning-zoomcamp
"Yes, there is a guide available to set up TensorFlow with GPU support on Ubuntu. You can refer to an article that has been noted to work well, which you can find here: [https://knowmledge.com/2023/12/07/ml-zoomcamp-2023-project/](https://knowmledge.com/2023/12/07/ml-zoomcamp-2023-project/). Additionally, for setting up CUDA and cuDNN which are required for TensorFlow GPU support, a simplified guide is provided by Osman Ali in the context of installing these tools on Ubuntu 22.04.",Here is an article that worked for me: https://knowmledge.com/2023/12/07/ml-zoomcamp-2023-project/,34b7fd35,Is there a guide to set up TensorFlow with GPU on Ubuntu?,machine-learning-zoomcamp
"To configure GPU support for TensorFlow on your Ubuntu machine, you need to set up CUDA and cuDNN. The process can be a bit overwhelming, but here is a simplified guide available through this article: [ML Zoomcamp 2023 Project](https://knowmledge.com/2023/12/07/ml-zoomcamp-2023-project/). Additionally, make sure you have the proper Nvidia drivers installed, which can be found [here](https://www.nvidia.com/download/index.aspx). You can find more detailed instructions on the [TensorFlow installation page](https://www.tensorflow.org/install/pip#linux_1) for setting up CUDA in your environment. Once these steps are followed, you should be able to perform training and inference with GPU support in TensorFlow.",Here is an article that worked for me: https://knowmledge.com/2023/12/07/ml-zoomcamp-2023-project/,34b7fd35,How do I configure GPU support for TensorFlow on my Ubuntu machine?,machine-learning-zoomcamp
"To set up TensorFlow with GPU support on Ubuntu, you can refer to this article that might be helpful: [Article on TensorFlow GPU Setup](https://knowmledge.com/2023/12/07/ml-zoomcamp-2023-project/). Additionally, setting up CUDA and cuDNN is necessary, and there's a simplified guide provided by Osman Ali in the context.",Here is an article that worked for me: https://knowmledge.com/2023/12/07/ml-zoomcamp-2023-project/,34b7fd35,Can you direct me to a resource for installing TensorFlow with GPU on Ubuntu?,machine-learning-zoomcamp
"To set up TensorFlow GPU on Ubuntu, you'll need to install CUDA and cuDNN. The procedure can be quite complex, but a simplified guide can help. You can refer to this article for detailed instructions: [ML Zoomcamp 2023 Project](https://knowmledge.com/2023/12/07/ml-zoomcamp-2023-project/). Moreover, make sure to install the necessary Nvidia drivers and follow the TensorFlow installation process for Linux from their official documentation: [TensorFlow installation for Linux](https://www.tensorflow.org/install/pip#linux_1). Additionally, you'll need to install [CUDA toolkit](https://developer.nvidia.com/cuda-toolkit-archive) and [cuDNN](https://developer.nvidia.com/rdp/cudnn-download) correctly to allow GPU support.",Here is an article that worked for me: https://knowmledge.com/2023/12/07/ml-zoomcamp-2023-project/,34b7fd35,What is the procedure to set up TensorFlow GPU on Ubuntu?,machine-learning-zoomcamp
"To join a channel in Slack, you can follow these steps: 

1. Click on “All channels” at the top of your left sidebar. If you can't see this option, click on “More” to find it.
2. Browse through the list of public channels in your workspace, or use the search bar to find a channel by its name or description.
3. Select a channel from the list to view it.
4. Click on ""Join Channel.""

For a detailed guide, you can visit the Slack help article: [Join a channel](https://slack.com/help/articles/205239967-Join-a-channel).","Here’s how you join a in Slack: https://slack.com/help/articles/205239967-Join-a-channel
Click “All channels” at the top of your left sidebar. If you don't see this option, click “More” to find it.
Browse the list of public channels in your workspace, or use the search bar to search by channel name or description.
Select a channel from the list to view it.
Click Join Channel.
Do we need to provide the GitHub link to only our code corresponding to the homework questions?
Yes. You are required to provide the URL to your repo in order to receive a grade",4930aa19,How can I join a channel in Slack?,machine-learning-zoomcamp
"To find course channels on Slack, follow these steps:

1. Click ""All channels"" at the top of your left sidebar. If you don't see this option, click ""More"" to find it.
2. Browse the list of public channels in your workspace, or use the search bar to search by channel name or description.
3. Select a channel from the list to view it.
4. Click ""Join Channel.""

You can also refer to the Slack help article for joining a channel: [https://slack.com/help/articles/205239967-Join-a-channel](https://slack.com/help/articles/205239967-Join-a-channel).","Here’s how you join a in Slack: https://slack.com/help/articles/205239967-Join-a-channel
Click “All channels” at the top of your left sidebar. If you don't see this option, click “More” to find it.
Browse the list of public channels in your workspace, or use the search bar to search by channel name or description.
Select a channel from the list to view it.
Click Join Channel.
Do we need to provide the GitHub link to only our code corresponding to the homework questions?
Yes. You are required to provide the URL to your repo in order to receive a grade",4930aa19,What steps should I follow to find course channels on Slack?,machine-learning-zoomcamp
"Based on the provided context, there is no explicit mention of a requirement to provide the URL to your GitHub repository. However, it is indicated that the GitHub repository should be public, so whoever corrects the homework can access it. If a public link is needed for this purpose, then providing the URL would make sense, but this specific requirement is not directly addressed in the context.","Here’s how you join a in Slack: https://slack.com/help/articles/205239967-Join-a-channel
Click “All channels” at the top of your left sidebar. If you don't see this option, click “More” to find it.
Browse the list of public channels in your workspace, or use the search bar to search by channel name or description.
Select a channel from the list to view it.
Click Join Channel.
Do we need to provide the GitHub link to only our code corresponding to the homework questions?
Yes. You are required to provide the URL to your repo in order to receive a grade",4930aa19,Is there a need to give the URL to our GitHub repo?,machine-learning-zoomcamp
You are required to provide the URL to your GitHub repository containing your code for the homework. This is necessary in order to receive a grade.,"Here’s how you join a in Slack: https://slack.com/help/articles/205239967-Join-a-channel
Click “All channels” at the top of your left sidebar. If you don't see this option, click “More” to find it.
Browse the list of public channels in your workspace, or use the search bar to search by channel name or description.
Select a channel from the list to view it.
Click Join Channel.
Do we need to provide the GitHub link to only our code corresponding to the homework questions?
Yes. You are required to provide the URL to your repo in order to receive a grade",4930aa19,Where do I provide the GitHub URL for our homework?,machine-learning-zoomcamp
"To join a Slack channel, click on “All channels” at the top of your left sidebar in Slack. If you don't see this option, click “More” to find it. Then, browse the list of public channels in your workspace, or use the search bar to search by channel name or description. After selecting a channel from the list, click ""Join Channel."" For more detailed guidance, you can visit this link: [Join a channel](https://slack.com/help/articles/205239967-Join-a-channel).","Here’s how you join a in Slack: https://slack.com/help/articles/205239967-Join-a-channel
Click “All channels” at the top of your left sidebar. If you don't see this option, click “More” to find it.
Browse the list of public channels in your workspace, or use the search bar to search by channel name or description.
Select a channel from the list to view it.
Click Join Channel.
Do we need to provide the GitHub link to only our code corresponding to the homework questions?
Yes. You are required to provide the URL to your repo in order to receive a grade",4930aa19,Can you show me how to join a Slack channel?,machine-learning-zoomcamp
"Yes, you can still participate if you join the course late. You won’t be able to submit some of the homework, but you can take part in the course activities. To receive a certificate, you need to complete 2 out of 3 course projects and review 3 peers' projects by the deadline, which means you can still be eligible if you join later and complete the required tasks.","Yes, you can. You won’t be able to submit some of the homeworks, but you can still take part in the course.
In order to get a certificate, you need to submit 2 out of 3 course projects and review 3 peers’ Projects by the deadline. It means that if you join the course at the end of November and manage to work on two projects, you will still be eligible for a certificate.",ee58a693,"If I join the course late, can I still participate?",machine-learning-zoomcamp
"Yes, you will be able to obtain a certificate if you join the course after it has started, as long as you submit 2 out of the 3 required course projects and review 3 peers’ projects by the deadline. Even if some homeworks have been missed, focusing on completing these criteria will make you eligible for a certificate.","Yes, you can. You won’t be able to submit some of the homeworks, but you can still take part in the course.
In order to get a certificate, you need to submit 2 out of 3 course projects and review 3 peers’ Projects by the deadline. It means that if you join the course at the end of November and manage to work on two projects, you will still be eligible for a certificate.",ee58a693,Will I be able to obtain a certificate if I join the course after it has started?,machine-learning-zoomcamp
"To be eligible for a certificate, you must submit 2 out of 3 course projects and review 3 peers' projects by the deadline.","Yes, you can. You won’t be able to submit some of the homeworks, but you can still take part in the course.
In order to get a certificate, you need to submit 2 out of 3 course projects and review 3 peers’ Projects by the deadline. It means that if you join the course at the end of November and manage to work on two projects, you will still be eligible for a certificate.",ee58a693,How many course projects must I submit to be eligible for a certificate?,machine-learning-zoomcamp
"To get a certificate, you are required to review 3 peers' projects by the deadline.","Yes, you can. You won’t be able to submit some of the homeworks, but you can still take part in the course.
In order to get a certificate, you need to submit 2 out of 3 course projects and review 3 peers’ Projects by the deadline. It means that if you join the course at the end of November and manage to work on two projects, you will still be eligible for a certificate.",ee58a693,What is the requirement for peer reviews to get a certificate?,machine-learning-zoomcamp
"Yes, you can still join the course even if it has already started. However, you won't be able to submit some of the homework assignments that have already passed their deadlines. While homework submissions are not mandatory for finishing the course, you will need to complete and submit 2 out of 3 course projects and review 3 peers’ projects by the deadline to be eligible for a course certificate.","Yes, you can. You won’t be able to submit some of the homeworks, but you can still take part in the course.
In order to get a certificate, you need to submit 2 out of 3 course projects and review 3 peers’ Projects by the deadline. It means that if you join the course at the end of November and manage to work on two projects, you will still be eligible for a certificate.",ee58a693,Can I submit homework if I join the course after it has started?,machine-learning-zoomcamp
